{"cameraMode":{"drawMode":0,"name":"Shaded","section":"Shading Mode"},"sceneLighting":true,"audioPlay":false,"sceneViewState":{"showFog":true,"showMaterialUpdate":false,"showSkybox":true,"showFlares":true,"showImageEffects":true,"showParticleSystems":true},"in2DMode":false,"pivot":{"x":-85.06101989746094,"y":-36.444358825683597,"z":-29.775062561035158},"rotation":{"x":0.044744908809661868,"y":-0.9180237650871277,"z":0.3787745535373688,"w":0.1084444522857666},"size":166.01986694335938,"orthographic":false}