{"cameraMode":{"drawMode":0,"name":"Shaded","section":"Shading Mode"},"sceneLighting":false,"audioPlay":false,"sceneViewState":{"showFog":true,"showMaterialUpdate":false,"showSkybox":false,"showFlares":true,"showImageEffects":true,"showParticleSystems":true},"in2DMode":false,"pivot":{"x":1.6985543966293336,"y":2.985062599182129,"z":1.2515769004821778},"rotation":{"x":0.1424168348312378,"y":-0.7010990977287293,"z":0.14613883197307588,"w":0.6832430362701416},"size":4.808615684509277,"orthographic":false}